Are you coming home?	Դու գալի՞ս ես տուն։
You talk on the phone very long.	Դու շատ երկար ես խոսում հեռախոսով։
What are you doing?	Ի՞նչ ես անում։
I speak Armenian.	Ես խոսում եմ հայերեն։
We always speak Armenian.	Մենք միշտ խոսում ենք հայերեն։
They usually don't speak Armenian.	Նրանք սովորաբար չեն խոսում հայերեն։
I smoke twenty cigarettes a day. (object in focus)	Օրը քսան սիգարետ եմ ծխում։
Where are you going?	Ո՞ւր ես գնում։
We were drinking coffee. (neutral order)	Մենք խմում էինք սուրճ։
We were drinking coffee. (object in focus)	Մենք սուրճ էինք խմում։
